{
  "Ansi 5 Color" : {
    "Red Component" : 0.33559250831604004,
    "Color Space" : "Calibrated",
    "Blue Component" : 0.53314954042434692,
    "Alpha Component" : 1,
    "Green Component" : 0
  },
  "Tags" : [

  ],
  "Ansi 12 Color" : {
    "Red Component" : 0.32856267690658569,
    "Color Space" : "Calibrated",
    "Blue Component" : 0.95445334911346436,
    "Alpha Component" : 1,
    "Green Component" : 0.64410710334777832
  },
  "Right Option Key Sends" : 0,
  "Ansi 7 Color" : {
    "Red Component" : 0.93609845638275146,
    "Color Space" : "Calibrated",
    "Blue Component" : 0.93608629703521729,
    "Alpha Component" : 1,
    "Green Component" : 0.93607044219970703
  },
  "Bold Color" : {
    "Red Component" : 0.16443461179733276,
    "Color Space" : "Calibrated",
    "Blue Component" : 0.24254441261291504,
    "Alpha Component" : 1,
    "Green Component" : 0.21523168683052063
  },
  "Ansi 8 Color" : {
    "Red Component" : 0.25882354378700256,
    "Color Space" : "Calibrated",
    "Blue Component" : 0.25882354378700256,
    "Alpha Component" : 1,
    "Green Component" : 0.25882354378700256
  },
  "Ansi 9 Color" : {
    "Red Component" : 0.90986210107803345,
    "Color Space" : "Calibrated",
    "Blue Component" : 0.24844314157962799,
    "Alpha Component" : 1,
    "Green Component" : 0.23034398257732391
  },
  "Ansi 3 Color" : {
    "Red Component" : 0.99015593528747559,
    "Color Space" : "Calibrated",
    "Blue Component" : 0.032639358192682266,
    "Alpha Component" : 1,
    "Green Component" : 0.48271051049232483
  },
  "Rows" : 75,
  "Default Bookmark" : "No",
  "Cursor Color" : {
    "Red Component" : 0.086931481957435608,
    "Color Space" : "Calibrated",
    "Blue Component" : 0.79186719655990601,
    "Alpha Component" : 1,
    "Green Component" : 0.6861264705657959
  },
  "Cursor Guide Color" : {
    "Red Component" : 0.64999997615814209,
    "Color Space" : "Calibrated",
    "Blue Component" : 1,
    "Alpha Component" : 0.25,
    "Green Component" : 0.9100000262260437
  },
  "Non-ASCII Anti Aliased" : true,
  "Use Bright Bold" : true,
  "Ansi 10 Color" : {
    "Red Component" : 0.47961589694023132,
    "Color Space" : "Calibrated",
    "Blue Component" : 0.22740326821804047,
    "Alpha Component" : 1,
    "Green Component" : 0.73019099235534668
  },
  "Ambiguous Double Width" : false,
  "Jobs to Ignore" : [
    "rlogin",
    "ssh",
    "slogin",
    "telnet"
  ],
  "Ansi 15 Color" : {
    "Red Component" : 0.8493925929069519,
    "Color Space" : "Calibrated",
    "Blue Component" : 0.84938156604766846,
    "Alpha Component" : 1,
    "Green Component" : 0.84936714172363281
  },
  "Foreground Color" : {
    "Red Component" : 0.17897795140743256,
    "Color Space" : "Calibrated",
    "Blue Component" : 0.17576293647289276,
    "Alpha Component" : 1,
    "Green Component" : 0.17907498776912689
  },
  "Bound Hosts" : [

  ],
  "Working Directory" : "\/Users\/wpaul",
  "Blinking Cursor" : false,
  "Disable Window Resizing" : true,
  "Sync Title" : false,
  "Prompt Before Closing 2" : false,
  "BM Growl" : true,
  "Command" : "\/usr\/local\/bin\/zsh -il",
  "Description" : "Default",
  "Mouse Reporting" : true,
  "Screen" : -1,
  "Selection Color" : {
    "Red Component" : 0.76021528244018555,
    "Color Space" : "Calibrated",
    "Blue Component" : 0.76020538806915283,
    "Alpha Component" : 1,
    "Green Component" : 0.76019245386123657
  },
  "Only The Default BG Color Uses Transparency" : false,
  "Columns" : 120,
  "Idle Code" : 0,
  "Ansi 13 Color" : {
    "Red Component" : 0.66606861352920532,
    "Color Space" : "Calibrated",
    "Blue Component" : 0.73656630516052246,
    "Alpha Component" : 1,
    "Green Component" : 0.30266252160072327
  },
  "Custom Command" : "Yes",
  "ASCII Anti Aliased" : true,
  "Non Ascii Font" : "Monaco 12",
  "Vertical Spacing" : 1,
  "Use Bold Font" : true,
  "Option Key Sends" : 0,
  "Selected Text Color" : {
    "Red Component" : 0.30725997686386108,
    "Color Space" : "Calibrated",
    "Blue Component" : 0.30725601315498352,
    "Alpha Component" : 1,
    "Green Component" : 0.30725079774856567
  },
  "Background Color" : {
    "Red Component" : 0.91764706373214722,
    "Color Space" : "Calibrated",
    "Blue Component" : 0.91764706373214722,
    "Alpha Component" : 1,
    "Green Component" : 0.91764706373214722
  },
  "Character Encoding" : 4,
  "Ansi 11 Color" : {
    "Red Component" : 0.99133074283599854,
    "Color Space" : "Calibrated",
    "Blue Component" : 0.033654335886240005,
    "Alpha Component" : 1,
    "Green Component" : 0.55859357118606567
  },
  "Use Italic Font" : true,
  "Unlimited Scrollback" : true,
  "Keyboard Map" : {
    "0xf700-0x260000" : {
      "Action" : 10,
      "Text" : "[1;6A"
    },
    "0x37-0x40000" : {
      "Action" : 11,
      "Text" : "0x1f"
    },
    "0x32-0x40000" : {
      "Action" : 11,
      "Text" : "0x00"
    },
    "0xf709-0x20000" : {
      "Action" : 10,
      "Text" : "[17;2~"
    },
    "0xf70c-0x20000" : {
      "Action" : 10,
      "Text" : "[20;2~"
    },
    "0xf729-0x20000" : {
      "Action" : 10,
      "Text" : "[1;2H"
    },
    "0xf72b-0x40000" : {
      "Action" : 10,
      "Text" : "[1;5F"
    },
    "0xf705-0x20000" : {
      "Action" : 10,
      "Text" : "[1;2Q"
    },
    "0xf703-0x260000" : {
      "Action" : 10,
      "Text" : "[1;6C"
    },
    "0xf700-0x220000" : {
      "Action" : 10,
      "Text" : "[1;2A"
    },
    "0xf701-0x280000" : {
      "Action" : 11,
      "Text" : "0x1b 0x1b 0x5b 0x42"
    },
    "0x38-0x40000" : {
      "Action" : 11,
      "Text" : "0x7f"
    },
    "0x33-0x40000" : {
      "Action" : 11,
      "Text" : "0x1b"
    },
    "0xf703-0x220000" : {
      "Action" : 10,
      "Text" : "[1;2C"
    },
    "0xf701-0x240000" : {
      "Action" : 10,
      "Text" : "[1;5B"
    },
    "0xf70d-0x20000" : {
      "Action" : 10,
      "Text" : "[21;2~"
    },
    "0xf702-0x260000" : {
      "Action" : 10,
      "Text" : "[1;6D"
    },
    "0xf729-0x40000" : {
      "Action" : 10,
      "Text" : "[1;5H"
    },
    "0xf706-0x20000" : {
      "Action" : 10,
      "Text" : "[1;2R"
    },
    "0x34-0x40000" : {
      "Action" : 11,
      "Text" : "0x1c"
    },
    "0xf700-0x280000" : {
      "Action" : 11,
      "Text" : "0x1b 0x1b 0x5b 0x41"
    },
    "0x2d-0x40000" : {
      "Action" : 11,
      "Text" : "0x1f"
    },
    "0xf70e-0x20000" : {
      "Action" : 10,
      "Text" : "[23;2~"
    },
    "0xf702-0x220000" : {
      "Action" : 10,
      "Text" : "[1;2D"
    },
    "0xf703-0x280000" : {
      "Action" : 11,
      "Text" : "0x1b 0x1b 0x5b 0x43"
    },
    "0xf700-0x240000" : {
      "Action" : 10,
      "Text" : "[1;5A"
    },
    "0xf707-0x20000" : {
      "Action" : 10,
      "Text" : "[1;2S"
    },
    "0xf70a-0x20000" : {
      "Action" : 10,
      "Text" : "[18;2~"
    },
    "0x35-0x40000" : {
      "Action" : 11,
      "Text" : "0x1d"
    },
    "0xf70f-0x20000" : {
      "Action" : 10,
      "Text" : "[24;2~"
    },
    "0xf703-0x240000" : {
      "Action" : 10,
      "Text" : "[1;5C"
    },
    "0xf701-0x260000" : {
      "Action" : 10,
      "Text" : "[1;6B"
    },
    "0xf702-0x280000" : {
      "Action" : 11,
      "Text" : "0x1b 0x1b 0x5b 0x44"
    },
    "0xf72b-0x20000" : {
      "Action" : 10,
      "Text" : "[1;2F"
    },
    "0x36-0x40000" : {
      "Action" : 11,
      "Text" : "0x1e"
    },
    "0xf708-0x20000" : {
      "Action" : 10,
      "Text" : "[15;2~"
    },
    "0xf701-0x220000" : {
      "Action" : 10,
      "Text" : "[1;2B"
    },
    "0xf70b-0x20000" : {
      "Action" : 10,
      "Text" : "[19;2~"
    },
    "0xf702-0x240000" : {
      "Action" : 10,
      "Text" : "[1;5D"
    },
    "0xf704-0x20000" : {
      "Action" : 10,
      "Text" : "[1;2P"
    }
  },
  "Window Type" : 1,
  "Blur Radius" : 16.595312499999999,
  "Use HFS Plus Mapping" : false,
  "Background Image Location" : "",
  "Blur" : true,
  "Badge Color" : {
    "Red Component" : 1,